{
    "bodies":
    [
      {
        "id": 1,
        "name": "Mercury",
        "mass": 0.33,
        "diameter": 4879.0,
        "density": 5427.0,
        "gravity": 3.7,
        "escapeVelocity": 4.3,
        "rotationPeriod": 1407.6,
        "lengthOfDay": 4222.6,
        "distanceFromSun": 57.9,
        "perihelion": 46.0,
        "aphelion": 69.8,
        "orbitalPeriod": 88.0,
        "orbitalVelocity": 47.4,
        "orbitalInclination": 7.0,
        "orbitalEccentricity": 0.205,
        "obliquityToOrbit": 0.034,
        "meanTemperature": 167.0,
        "surfacePressure": 0.0,
        "numberOfMoons": 0,
        "hasRingSystem": false,
        "hasGlobalMagneticField": false
      },
      {
        "id": 2,
        "name": "Venus",
        "mass": 4.87,
        "diameter": 12104.0,
        "density": 5243.0,
        "gravity": 8.9,
        "escapeVelocity": 10.4,
        "rotationPeriod": -5832.5,
        "lengthOfDay": 2802.0,
        "distanceFromSun": 108.2,
        "perihelion": 107.5,
        "aphelion": 108.9,
        "orbitalPeriod": 224.7,
        "orbitalVelocity": 35.0,
        "orbitalInclination": 3.4,
        "orbitalEccentricity": 0.007,
        "obliquityToOrbit": 177.4,
        "meanTemperature": 464.0,
        "surfacePressure": 92.0,
        "numberOfMoons": 0,
        "hasRingSystem": false,
        "hasGlobalMagneticField": false
      },
      {
        "id": 3,
        "name": "Earth",
        "mass": 5.97,
        "diameter": 12756.0,
        "density": 5514.0,
        "gravity": 9.8,
        "escapeVelocity": 11.2,
        "rotationPeriod": 23.9,
        "lengthOfDay": 24.0,
        "distanceFromSun": 149.6,
        "perihelion": 147.1,
        "aphelion": 152.1,
        "orbitalPeriod": 365.2,
        "orbitalVelocity": 29.8,
        "orbitalInclination": 0.0,
        "orbitalEccentricity": 0.017,
        "obliquityToOrbit": 23.4,
        "meanTemperature": 15.0,
        "surfacePressure": 1.0,
        "numberOfMoons": 1,
        "hasRingSystem": false,
        "hasGlobalMagneticField": false
      },
      {
        "id": 4,
        "name": "Mars",
        "mass": 0.642,
        "diameter": 6792.0,
        "density": 3933.0,
        "gravity": 3.7,
        "escapeVelocity": 5.0,
        "rotationPeriod": 24.6,
        "lengthOfDay": 24.7,
        "distanceFromSun": 227.9,
        "perihelion": 206.6,
        "aphelion": 249.2,
        "orbitalPeriod": 687.0,
        "orbitalVelocity": 24.1,
        "orbitalInclination": 1.9,
        "orbitalEccentricity": 0.094,
        "obliquityToOrbit": 25.2,
        "meanTemperature": -65.0,
        "surfacePressure": 0.01,
        "numberOfMoons": 2,
        "hasRingSystem": false,
        "hasGlobalMagneticField": false
      },
      {
        "id": 5,
        "name": "Jupiter",
        "mass": 1898.0,
        "diameter": 142984.0,
        "density": 1326.0,
        "gravity": 23.1,
        "escapeVelocity": 59.5,
        "rotationPeriod": 9.9,
        "lengthOfDay": 9.9,
        "distanceFromSun": 778.6,
        "perihelion": 740.5,
        "aphelion": 816.6,
        "orbitalPeriod": 4331.0,
        "orbitalVelocity": 13.1,
        "orbitalInclination": 1.3,
        "orbitalEccentricity": 0.049,
        "obliquityToOrbit": 3.1,
        "meanTemperature": -110.0,
        "surfacePressure": null,
        "numberOfMoons": 79,
        "hasRingSystem": false,
        "hasGlobalMagneticField": false
      },
      {
        "id": 6,
        "name": "Saturn",
        "mass": 568.0,
        "diameter": 120536.0,
        "density": 687.0,
        "gravity": 9.0,
        "escapeVelocity": 35.5,
        "rotationPeriod": 10.7,
        "lengthOfDay": 10.7,
        "distanceFromSun": 1433.5,
        "perihelion": 1352.6,
        "aphelion": 1514.5,
        "orbitalPeriod": 10747.0,
        "orbitalVelocity": 9.7,
        "orbitalInclination": 2.5,
        "orbitalEccentricity": 0.057,
        "obliquityToOrbit": 26.7,
        "meanTemperature": -140.0,
        "surfacePressure": null,
        "numberOfMoons": 62,
        "hasRingSystem": false,
        "hasGlobalMagneticField": false
      },
      {
        "id": 7,
        "name": "Uranus",
        "mass": 86.8,
        "diameter": 51118.0,
        "density": 1271.0,
        "gravity": 8.7,
        "escapeVelocity": 21.3,
        "rotationPeriod": -17.2,
        "lengthOfDay": 17.2,
        "distanceFromSun": 2872.5,
        "perihelion": 2741.3,
        "aphelion": 3003.6,
        "orbitalPeriod": 30589.0,
        "orbitalVelocity": 6.8,
        "orbitalInclination": 0.8,
        "orbitalEccentricity": 0.046,
        "obliquityToOrbit": 97.8,
        "meanTemperature": -195.0,
        "surfacePressure": null,
        "numberOfMoons": 27,
        "hasRingSystem": false,
        "hasGlobalMagneticField": false
      },
      {
        "id": 8,
        "name": "Neptune",
        "mass": 102.0,
        "diameter": 49528.0,
        "density": 1638.0,
        "gravity": 11.0,
        "escapeVelocity": 23.5,
        "rotationPeriod": 16.1,
        "lengthOfDay": 16.1,
        "distanceFromSun": 4495.1,
        "perihelion": 4444.5,
        "aphelion": 4545.7,
        "orbitalPeriod": 59800.0,
        "orbitalVelocity": 5.4,
        "orbitalInclination": 1.8,
        "orbitalEccentricity": 0.011,
        "obliquityToOrbit": 28.3,
        "meanTemperature": -200.0,
        "surfacePressure": null,
        "numberOfMoons": 14,
        "hasRingSystem": false,
        "hasGlobalMagneticField": false
      },
      {
        "id": 9,
        "name": "Pluto",
        "mass": 0.0146,
        "diameter": 2370.0,
        "density": 2095.0,
        "gravity": 0.7,
        "escapeVelocity": 1.3,
        "rotationPeriod": -153.3,
        "lengthOfDay": 153.3,
        "distanceFromSun": 5906.4,
        "perihelion": 4436.8,
        "aphelion": 7375.9,
        "orbitalPeriod": 90560.0,
        "orbitalVelocity": 4.7,
        "orbitalInclination": 17.2,
        "orbitalEccentricity": 0.244,
        "obliquityToOrbit": 122.5,
        "meanTemperature": -225.0,
        "surfacePressure": 1.0E-5,
        "numberOfMoons": 5,
        "hasRingSystem": false,
        "hasGlobalMagneticField": false
      }
    ]
  }
  {
    "satellites":
    [
      {
        "id": 1,
        "planetId": 3,
        "name": "Moon",
        "gm": 4902.801,
        "radius": 1737.5,
        "density": 3.344,
        "magnitude": -12.74,
        "albedo": 0.12,
      },
      {
        "id": 2,
        "planetId": 4,
        "name": "Phobos",
        "gm": 7.11E-4,
        "radius": 11.1,
        "density": 1.872,
        "magnitude": 11.4,
        "albedo": 0.071
      },
      {
        "id": 3,
        "planetId": 4,
        "name": "Deimos",
        "gm": 9.9E-5,
        "radius": 6.2,
        "density": 1.471,
        "magnitude": 12.45,
        "albedo": 0.068
      },
      {
        "id": 4,
        "planetId": 5,
        "name": "Io",
        "gm": 5959.916,
        "radius": 1821.6,
        "density": 3.528,
        "magnitude": 5.02,
        "albedo": 0.63
      },
      {
        "id": 5,
        "planetId": 5,
        "name": "Europa",
        "gm": 3202.739,
        "radius": 1560.8,
        "density": 3.013,
        "magnitude": 5.29,
        "albedo": 0.67
      },
      {
        "id": 6,
        "planetId": 5,
        "name": "Ganymede",
        "gm": 9887.834,
        "radius": 2631.2,
        "density": 1.942,
        "magnitude": 4.61,
        "albedo": 0.43
      },
      {
        "id": 7,
        "planetId": 5,
        "name": "Callisto",
        "gm": 7179.289,
        "radius": 2410.3,
        "density": 1.834,
        "magnitude": 5.65,
        "albedo": 0.17
      },
      {
        "id": 8,
        "planetId": 5,
        "name": "Amalthea",
        "gm": 0.138,
        "radius": 83.45,
        "density": 0.849,
        "magnitude": 14.1,
        "albedo": 0.09
      },
      {
        "id": 9,
        "planetId": 5,
        "name": "Himalia",
        "gm": 0.45,
        "radius": 85.0,
        "density": 2.6,
        "magnitude": 14.2,
        "albedo": 0.04
      },
      {
        "id": 10,
        "planetId": 5,
        "name": "Elara",
        "gm": 0.058,
        "radius": 43.0,
        "density": 2.6,
        "magnitude": 16.0,
        "albedo": 0.04
      },
      {
        "id": 11,
        "planetId": 5,
        "name": "Pasiphae",
        "gm": 0.02,
        "radius": 30.0,
        "density": 2.6,
        "magnitude": 16.8,
        "albedo": 0.04
      },
      {
        "id": 12,
        "planetId": 5,
        "name": "Sinope",
        "gm": 0.005,
        "radius": 19.0,
        "density": 2.6,
        "magnitude": 18.2,
        "albedo": 0.04
      },
      {
        "id": 13,
        "planetId": 5,
        "name": "Lysithea",
        "gm": 0.0042,
        "radius": 18.0,
        "density": 2.6,
        "magnitude": 18.1,
        "albedo": 0.04
      },
      {
        "id": 14,
        "planetId": 5,
        "name": "Carme",
        "gm": 0.0088,
        "radius": 23.0,
        "density": 2.6,
        "magnitude": 18.1,
        "albedo": 0.04
      },
      {
        "id": 15,
        "planetId": 5,
        "name": "Ananke",
        "gm": 0.002,
        "radius": 14.0,
        "density": 2.6,
        "magnitude": 19.1,
        "albedo": 0.04
      },
      {
        "id": 16,
        "planetId": 5,
        "name": "Leda",
        "gm": 7.3E-4,
        "radius": 10.0,
        "density": 2.6,
        "magnitude": 19.2,
        "albedo": 0.04
      },
      {
        "id": 17,
        "planetId": 5,
        "name": "Thebe",
        "gm": 0.1,
        "radius": 49.3,
        "density": 3.0,
        "magnitude": 16.0,
        "albedo": 0.047
      },
      {
        "id": 18,
        "planetId": 5,
        "name": "Adrastea",
        "gm": 5.0E-4,
        "radius": 8.2,
        "density": 3.0,
        "magnitude": 18.7,
        "albedo": 0.1
      },
      {
        "id": 19,
        "planetId": 5,
        "name": "Metis",
        "gm": 0.008,
        "radius": 21.5,
        "density": 3.0,
        "magnitude": 17.5,
        "albedo": 0.061
      },
      {
        "id": 20,
        "planetId": 5,
        "name": "Callirrhoe",
        "gm": 5.8E-5,
        "radius": 4.3,
        "density": 2.6,
        "magnitude": 20.8,
        "albedo": 0.04
      },
      {
        "id": 21,
        "planetId": 5,
        "name": "Themisto",
        "gm": 4.6E-5,
        "radius": 4.0,
        "density": 2.6,
        "magnitude": 21.0,
        "albedo": 0.04
      },
      {
        "id": 22,
        "planetId": 5,
        "name": "Megaclite",
        "gm": 1.4E-5,
        "radius": 2.7,
        "density": 2.6,
        "magnitude": 21.7,
        "albedo": 0.04
      },
      {
        "id": 23,
        "planetId": 5,
        "name": "Taygete",
        "gm": 1.1E-5,
        "radius": 2.5,
        "density": 2.6,
        "magnitude": 21.9,
        "albedo": 0.04
      },
      {
        "id": 24,
        "planetId": 5,
        "name": "Chaldene",
        "gm": 5.0E-6,
        "radius": 1.9,
        "density": 2.6,
        "magnitude": 22.5,
        "albedo": 0.04
      },
      {
        "id": 25,
        "planetId": 5,
        "name": "Harpalyke",
        "gm": 8.0E-6,
        "radius": 2.2,
        "density": 2.6,
        "magnitude": 22.2,
        "albedo": 0.04
      },
      {
        "id": 26,
        "planetId": 5,
        "name": "Kalyke",
        "gm": 1.3E-5,
        "radius": 2.6,
        "density": 2.6,
        "magnitude": 21.8,
        "albedo": 0.04
      },
      {
        "id": 27,
        "planetId": 5,
        "name": "Iocaste",
        "gm": 1.3E-5,
        "radius": 2.6,
        "density": 2.6,
        "magnitude": 21.8,
        "albedo": 0.04
      },
      {
        "id": 28,
        "planetId": 5,
        "name": "Erinome",
        "gm": 3.0E-6,
        "radius": 1.6,
        "density": 2.6,
        "magnitude": 22.8,
        "albedo": 0.04
      },
      {
        "id": 29,
        "planetId": 5,
        "name": "Isonoe",
        "gm": 5.0E-6,
        "radius": 1.9,
        "density": 2.6,
        "magnitude": 22.5,
        "albedo": 0.04
      },
      {
        "id": 30,
        "planetId": 5,
        "name": "Praxidike",
        "gm": 2.9E-5,
        "radius": 3.4,
        "density": 2.6,
        "magnitude": 21.2,
        "albedo": 0.04
      },
      {
        "id": 31,
        "planetId": 5,
        "name": "Autonoe",
        "gm": 6.0E-6,
        "radius": 2.0,
        "density": 2.6,
        "magnitude": 22.0,
        "albedo": 0.04
      },
      {
        "id": 32,
        "planetId": 5,
        "name": "Thyone",
        "gm": 6.0E-6,
        "radius": 2.0,
        "density": 2.6,
        "magnitude": 22.3,
        "albedo": 0.04
      },
      {
        "id": 33,
        "planetId": 5,
        "name": "Hermippe",
        "gm": 6.0E-6,
        "radius": 2.0,
        "density": 2.6,
        "magnitude": 22.1,
        "albedo": 0.04
      },
      {
        "id": 34,
        "planetId": 5,
        "name": "Aitne",
        "gm": 3.0E-6,
        "radius": 1.5,
        "density": 2.6,
        "magnitude": 22.7,
        "albedo": 0.04
      },
      {
        "id": 35,
        "planetId": 5,
        "name": "Eurydome",
        "gm": 3.0E-6,
        "radius": 1.5,
        "density": 2.6,
        "magnitude": 22.7,
        "albedo": 0.04
      },
      {
        "id": 36,
        "planetId": 5,
        "name": "Euanthe",
        "gm": 3.0E-6,
        "radius": 1.5,
        "density": 2.6,
        "magnitude": 22.8,
        "albedo": 0.04
      },
      {
        "id": 37,
        "planetId": 5,
        "name": "Euporie",
        "gm": 1.0E-6,
        "radius": 1.0,
        "density": 2.6,
        "magnitude": 23.1,
        "albedo": 0.04
      },
      {
        "id": 38,
        "planetId": 5,
        "name": "Orthosie",
        "gm": 1.0E-6,
        "radius": 1.0,
        "density": 2.6,
        "magnitude": 23.1,
        "albedo": 0.04
      },
      {
        "id": 39,
        "planetId": 5,
        "name": "Sponde",
        "gm": 1.0E-6,
        "radius": 1.0,
        "density": 2.6,
        "magnitude": 23.0,
        "albedo": 0.04
      },
      {
        "id": 40,
        "planetId": 5,
        "name": "Kale",
        "gm": 1.0E-6,
        "radius": 1.0,
        "density": 2.6,
        "magnitude": 23.0,
        "albedo": 0.04
      },
      {
        "id": 41,
        "planetId": 5,
        "name": "Pasithee",
        "gm": 1.0E-6,
        "radius": 1.0,
        "density": 2.6,
        "magnitude": 23.2,
        "albedo": 0.04
      },
      {
        "id": 42,
        "planetId": 5,
        "name": "Hegemone",
        "gm": 3.0E-6,
        "radius": 1.5,
        "density": 2.6,
        "magnitude": 22.8,
        "albedo": 0.04
      },
      {
        "id": 43,
        "planetId": 5,
        "name": "Mneme",
        "gm": 1.0E-6,
        "radius": 1.0,
        "density": 2.6,
        "magnitude": 23.3,
        "albedo": 0.04
      },
      {
        "id": 44,
        "planetId": 5,
        "name": "Aoede",
        "gm": 6.0E-6,
        "radius": 2.0,
        "density": 2.6,
        "magnitude": 22.5,
        "albedo": 0.04
      },
      {
        "id": 45,
        "planetId": 5,
        "name": "Thelxinoe",
        "gm": 1.0E-6,
        "radius": 1.0,
        "density": 2.6,
        "magnitude": 23.5,
        "albedo": 0.04
      },
      {
        "id": 46,
        "planetId": 5,
        "name": "Arche",
        "gm": 3.0E-6,
        "radius": 1.5,
        "density": 2.6,
        "magnitude": 22.8,
        "albedo": 0.04
      },
      {
        "id": 47,
        "planetId": 5,
        "name": "Kallichore",
        "gm": 1.0E-6,
        "radius": 1.0,
        "density": 2.6,
        "magnitude": 23.7,
        "albedo": 0.04
      },
      {
        "id": 48,
        "planetId": 5,
        "name": "Helike",
        "gm": 6.0E-6,
        "radius": 2.0,
        "density": 2.6,
        "magnitude": 22.6,
        "albedo": 0.04
      },
      {
        "id": 49,
        "planetId": 5,
        "name": "Carpo",
        "gm": 3.0E-6,
        "radius": 1.5,
        "density": 2.6,
        "magnitude": 23.0,
        "albedo": 0.04
      },
      {
        "id": 50,
        "planetId": 5,
        "name": "Eukelade",
        "gm": 6.0E-6,
        "radius": 2.0,
        "density": 2.6,
        "magnitude": 22.6,
        "albedo": 0.04
      },
      {
        "id": 51,
        "planetId": 5,
        "name": "Cyllene",
        "gm": 1.0E-6,
        "radius": 1.0,
        "density": 2.6,
        "magnitude": 23.2,
        "albedo": 0.04
      },
      {
        "id": 52,
        "planetId": 5,
        "name": "Kore",
        "gm": 1.0E-6,
        "radius": 1.0,
        "density": 2.6,
        "magnitude": 23.6,
        "albedo": 0.04
      },
      {
        "id": 53,
        "planetId": 5,
        "name": "Herse",
        "gm": 1.0E-6,
        "radius": 1.0,
        "density": 2.6,
        "magnitude": 23.4,
        "albedo": 0.04
      },
      {
        "id": 54,
        "planetId": 5,
        "name": "S/2000 J11",
        "gm": 1.0E-6,
        "radius": 1.0,
        "density": 2.6,
        "magnitude": 22.4,
        "albedo": 0.04
      },
      {
        "id": 55,
        "planetId": 5,
        "name": "S/2003 J2",
        "gm": 1.0E-6,
        "radius": 1.0,
        "density": 2.6,
        "magnitude": 23.2,
        "albedo": 0.04
      },
      {
        "id": 56,
        "planetId": 5,
        "name": "S/2003 J3",
        "gm": 1.0E-6,
        "radius": 1.0,
        "density": 2.6,
        "magnitude": 23.4,
        "albedo": 0.04
      },
      {
        "id": 57,
        "planetId": 5,
        "name": "S/2003 J4",
        "gm": 1.0E-6,
        "radius": 1.0,
        "density": 2.6,
        "magnitude": 23.0,
        "albedo": 0.04
      },
      {
        "id": 58,
        "planetId": 5,
        "name": "S/2003 J5",
        "gm": 6.0E-6,
        "radius": 2.0,
        "density": 2.6,
        "magnitude": 22.4,
        "albedo": 0.04
      },
      {
        "id": 59,
        "planetId": 5,
        "name": "S/2003 J9",
        "gm": 0.0,
        "radius": 0.5,
        "density": 2.6,
        "magnitude": 23.7,
        "albedo": 0.04
      },
      {
        "id": 60,
        "planetId": 5,
        "name": "S/2003 J10",
        "gm": 1.0E-6,
        "radius": 1.0,
        "density": 2.6,
        "magnitude": 23.6,
        "albedo": 0.04
      },
      {
        "id": 61,
        "planetId": 5,
        "name": "S/2003 J12",
        "gm": 0.0,
        "radius": 0.5,
        "density": 2.6,
        "magnitude": 23.9,
        "albedo": 0.04
      },
      {
        "id": 62,
        "planetId": 5,
        "name": "S/2003 J15",
        "gm": 1.0E-6,
        "radius": 1.0,
        "density": 2.6,
        "magnitude": 23.5,
        "albedo": 0.04
      },
      {
        "id": 63,
        "planetId": 5,
        "name": "S/2003 J16",
        "gm": 1.0E-6,
        "radius": 1.0,
        "density": 2.6,
        "magnitude": 23.3,
        "albedo": 0.04
      },
      {
        "id": 64,
        "planetId": 5,
        "name": "S/2003 J18",
        "gm": 1.0E-6,
        "radius": 1.0,
        "density": 2.6,
        "magnitude": 23.4,
        "albedo": 0.04
      },
      {
        "id": 65,
        "planetId": 5,
        "name": "S/2003 J19",
        "gm": 1.0E-6,
        "radius": 1.0,
        "density": 2.6,
        "magnitude": 23.7,
        "albedo": 0.04
      },
      {
        "id": 66,
        "planetId": 5,
        "name": "S/2003 J23",
        "gm": 1.0E-6,
        "radius": 1.0,
        "density": 2.6,
        "magnitude": 23.6,
        "albedo": 0.04
      },
      {
        "id": 67,
        "planetId": 5,
        "name": "S/2010 J1",
        "gm": 1.0E-6,
        "radius": 1.0,
        "density": 2.6,
        "magnitude": 23.2,
        "albedo": 0.04
      },
      {
        "id": 68,
        "planetId": 5,
        "name": "S/2010 J2",
        "gm": 1.0E-6,
        "radius": 1.0,
        "density": 2.6,
        "magnitude": 24.0,
        "albedo": 0.04
      },
      {
        "id": 69,
        "planetId": 5,
        "name": "S/2011 J1",
        "gm": 1.0E-6,
        "radius": 1.0,
        "density": 2.6,
        "magnitude": 23.7,
        "albedo": 0.04
      },
      {
        "id": 70,
        "planetId": 5,
        "name": "S/2011 J2",
        "gm": 1.0E-6,
        "radius": 1.0,
        "density": 2.6,
        "magnitude": 23.5,
        "albedo": 0.04
      },
      {
        "id": 71,
        "planetId": 6,
        "name": "Mimas",
        "gm": 2.5026,
        "radius": 198.2,
        "density": 1.15,
        "magnitude": 12.8,
        "albedo": 0.962
      },
      {
        "id": 72,
        "planetId": 6,
        "name": "Enceladus",
        "gm": 7.2027,
        "radius": 252.1,
        "density": 1.608,
        "magnitude": 11.8,
        "albedo": 1.375
      },
      {
        "id": 73,
        "planetId": 6,
        "name": "Tethys",
        "gm": 41.2067,
        "radius": 533.0,
        "density": 0.973,
        "magnitude": 10.2,
        "albedo": 1.229
      },
      {
        "id": 74,
        "planetId": 6,
        "name": "Dione",
        "gm": 73.1146,
        "radius": 561.7,
        "density": 1.476,
        "magnitude": 10.4,
        "albedo": 0.998
      },
      {
        "id": 75,
        "planetId": 6,
        "name": "Rhea",
        "gm": 153.9426,
        "radius": 764.3,
        "density": 1.233,
        "magnitude": 9.6,
        "albedo": 0.949
      },
      {
        "id": 76,
        "planetId": 6,
        "name": "Titan",
        "gm": 8978.1382,
        "radius": 2574.73,
        "density": 1.882,
        "magnitude": 8.4,
        "albedo": 0.2
      },
      {
        "id": 77,
        "planetId": 6,
        "name": "Hyperion",
        "gm": 0.3727,
        "radius": 135.0,
        "density": 0.544,
        "magnitude": 14.4,
        "albedo": 0.3
      },
      {
        "id": 78,
        "planetId": 6,
        "name": "Iapetus",
        "gm": 120.5038,
        "radius": 735.6,
        "density": 1.083,
        "magnitude": 11.0,
        "albedo": 0.6
      },
      {
        "id": 79,
        "planetId": 6,
        "name": "Phoebe",
        "gm": 0.5532,
        "radius": 106.5,
        "density": 1.638,
        "magnitude": 16.4,
        "albedo": 0.081
      },
      {
        "id": 80,
        "planetId": 6,
        "name": "Janus",
        "gm": 0.1263,
        "radius": 89.5,
        "density": 0.63,
        "magnitude": 14.4,
        "albedo": 0.71
      },
      {
        "id": 81,
        "planetId": 6,
        "name": "Epimetheus",
        "gm": 0.0351,
        "radius": 58.1,
        "density": 0.64,
        "magnitude": 15.6,
        "albedo": 0.73
      },
      {
        "id": 82,
        "planetId": 6,
        "name": "Helene",
        "gm": 7.6E-4,
        "radius": 17.6,
        "density": 0.5,
        "magnitude": 18.4,
        "albedo": 1.67
      },
      {
        "id": 83,
        "planetId": 6,
        "name": "Telesto",
        "gm": 2.7E-4,
        "radius": 12.4,
        "density": 0.5,
        "magnitude": 18.5,
        "albedo": 1.0
      },
      {
        "id": 84,
        "planetId": 6,
        "name": "Calypso",
        "gm": 1.7E-4,
        "radius": 10.7,
        "density": 0.5,
        "magnitude": 18.7,
        "albedo": 1.34
      },
      {
        "id": 85,
        "planetId": 6,
        "name": "Atlas",
        "gm": 4.4E-4,
        "radius": 15.1,
        "density": 0.46,
        "magnitude": 19.0,
        "albedo": 0.4
      },
      {
        "id": 86,
        "planetId": 6,
        "name": "Prometheus",
        "gm": 0.01074,
        "radius": 43.1,
        "density": 0.48,
        "magnitude": 15.8,
        "albedo": 0.6
      },
      {
        "id": 87,
        "planetId": 6,
        "name": "Pandora",
        "gm": 0.00924,
        "radius": 40.7,
        "density": 0.49,
        "magnitude": 16.4,
        "albedo": 0.5
      },
      {
        "id": 88,
        "planetId": 6,
        "name": "Pan",
        "gm": 3.3E-4,
        "radius": 14.1,
        "density": 0.42,
        "magnitude": 19.4,
        "albedo": 0.5
      },
      {
        "id": 89,
        "planetId": 6,
        "name": "Methone",
        "gm": 1.0E-6,
        "radius": 1.6,
        "density": 0.5,
        "magnitude": null,
        "albedo": null
      },
      {
        "id": 90,
        "planetId": 6,
        "name": "Pallene",
        "gm": 2.0E-6,
        "radius": 2.5,
        "density": 0.5,
        "magnitude": null,
        "albedo": null
      },
      {
        "id": 91,
        "planetId": 6,
        "name": "Polydeuces",
        "gm": 0.0,
        "radius": 1.3,
        "density": 0.5,
        "magnitude": null,
        "albedo": null
      },
      {
        "id": 92,
        "planetId": 6,
        "name": "Daphnis",
        "gm": 5.0E-6,
        "radius": 3.8,
        "density": 0.34,
        "magnitude": null,
        "albedo": null
      },
      {
        "id": 93,
        "planetId": 6,
        "name": "Anthe",
        "gm": 0.0,
        "radius": 0.9,
        "density": 0.5,
        "magnitude": null,
        "albedo": null
      },
      {
        "id": 94,
        "planetId": 6,
        "name": "Aegaeon",
        "gm": 0.0,
        "radius": 0.3,
        "density": 0.5,
        "magnitude": null,
        "albedo": null
      },
      {
        "id": 95,
        "planetId": 6,
        "name": "Ymir",
        "gm": 3.3E-4,
        "radius": 9.0,
        "density": 2.3,
        "magnitude": 21.9,
        "albedo": 0.06
      },
      {
        "id": 96,
        "planetId": 6,
        "name": "Paaliaq",
        "gm": 5.5E-4,
        "radius": 11.0,
        "density": 2.3,
        "magnitude": 21.1,
        "albedo": 0.06
      },
      {
        "id": 97,
        "planetId": 6,
        "name": "Tarvos",
        "gm": 1.8E-4,
        "radius": 7.5,
        "density": 2.3,
        "magnitude": 22.7,
        "albedo": 0.06
      },
      {
        "id": 98,
        "planetId": 6,
        "name": "Ijiraq",
        "gm": 8.0E-5,
        "radius": 6.0,
        "density": 2.3,
        "magnitude": 22.6,
        "albedo": 0.06
      },
      {
        "id": 99,
        "planetId": 6,
        "name": "Suttungr",
        "gm": 1.4E-5,
        "radius": 3.5,
        "density": 2.3,
        "magnitude": 23.9,
        "albedo": 0.06
      },
      {
        "id": 100,
        "planetId": 6,
        "name": "Kiviuq",
        "gm": 2.2E-4,
        "radius": 8.0,
        "density": 2.3,
        "magnitude": 22.1,
        "albedo": 0.06
      },
      {
        "id": 101,
        "planetId": 6,
        "name": "Mundilfari",
        "gm": 1.4E-5,
        "radius": 3.5,
        "density": 2.3,
        "magnitude": 23.8,
        "albedo": 0.06
      },
      {
        "id": 102,
        "planetId": 6,
        "name": "Albiorix",
        "gm": 0.0014,
        "radius": 16.0,
        "density": 2.3,
        "magnitude": 20.5,
        "albedo": 0.06
      },
      {
        "id": 103,
        "planetId": 6,
        "name": "Skathi",
        "gm": 2.1E-5,
        "radius": 4.0,
        "density": 2.3,
        "magnitude": 23.6,
        "albedo": 0.06
      },
      {
        "id": 104,
        "planetId": 6,
        "name": "Erriapus",
        "gm": 5.1E-5,
        "radius": 5.0,
        "density": 2.3,
        "magnitude": 23.4,
        "albedo": 0.06
      },
      {
        "id": 105,
        "planetId": 6,
        "name": "Siarnaq",
        "gm": 0.0026,
        "radius": 20.0,
        "density": 2.3,
        "magnitude": 19.9,
        "albedo": 0.06
      },
      {
        "id": 106,
        "planetId": 6,
        "name": "Thrymr",
        "gm": 1.4E-5,
        "radius": 3.5,
        "density": 2.3,
        "magnitude": 23.9,
        "albedo": 0.06
      },
      {
        "id": 107,
        "planetId": 6,
        "name": "Narvi",
        "gm": 2.3E-5,
        "radius": 3.5,
        "density": 2.3,
        "magnitude": 23.8,
        "albedo": 0.04
      },
      {
        "id": 108,
        "planetId": 6,
        "name": "Aegir",
        "gm": 0.0,
        "radius": 3.0,
        "density": 2.3,
        "magnitude": 24.4,
        "albedo": 0.04
      },
      {
        "id": 109,
        "planetId": 6,
        "name": "Bebhionn",
        "gm": 0.0,
        "radius": 3.0,
        "density": 2.3,
        "magnitude": 24.1,
        "albedo": 0.04
      },
      {
        "id": 110,
        "planetId": 6,
        "name": "Bergelmir",
        "gm": 0.0,
        "radius": 3.0,
        "density": 2.3,
        "magnitude": 24.2,
        "albedo": 0.04
      },
      {
        "id": 111,
        "planetId": 6,
        "name": "Bestla",
        "gm": 0.0,
        "radius": 3.5,
        "density": 2.3,
        "magnitude": 23.8,
        "albedo": 0.04
      },
      {
        "id": 112,
        "planetId": 6,
        "name": "Farbauti",
        "gm": 0.0,
        "radius": 2.5,
        "density": 2.3,
        "magnitude": 24.7,
        "albedo": 0.04
      },
      {
        "id": 113,
        "planetId": 6,
        "name": "Fenrir",
        "gm": 0.0,
        "radius": 2.0,
        "density": 2.3,
        "magnitude": 25.0,
        "albedo": 0.04
      },
      {
        "id": 114,
        "planetId": 6,
        "name": "Fornjot",
        "gm": 0.0,
        "radius": 3.0,
        "density": 2.3,
        "magnitude": 24.6,
        "albedo": 0.04
      },
      {
        "id": 115,
        "planetId": 6,
        "name": "Hati",
        "gm": 0.0,
        "radius": 3.0,
        "density": 2.3,
        "magnitude": 24.4,
        "albedo": 0.04
      },
      {
        "id": 116,
        "planetId": 6,
        "name": "Hyrrokkin",
        "gm": 0.0,
        "radius": 3.0,
        "density": 2.3,
        "magnitude": 23.5,
        "albedo": 0.04
      },
      {
        "id": 117,
        "planetId": 6,
        "name": "Kari",
        "gm": 0.0,
        "radius": 3.0,
        "density": 2.3,
        "magnitude": 23.9,
        "albedo": 0.04
      },
      {
        "id": 118,
        "planetId": 6,
        "name": "Loge",
        "gm": 0.0,
        "radius": 3.0,
        "density": 2.3,
        "magnitude": 24.6,
        "albedo": 0.04
      },
      {
        "id": 119,
        "planetId": 6,
        "name": "Skoll",
        "gm": 0.0,
        "radius": 3.0,
        "density": 2.3,
        "magnitude": 24.5,
        "albedo": 0.04
      },
      {
        "id": 120,
        "planetId": 6,
        "name": "Surtur",
        "gm": 0.0,
        "radius": 3.0,
        "density": 2.3,
        "magnitude": 24.8,
        "albedo": 0.04
      },
      {
        "id": 121,
        "planetId": 6,
        "name": "Jarnsaxa",
        "gm": 0.0,
        "radius": 3.0,
        "density": 2.3,
        "magnitude": 24.7,
        "albedo": 0.04
      },
      {
        "id": 122,
        "planetId": 6,
        "name": "Greip",
        "gm": 0.0,
        "radius": 3.0,
        "density": 2.3,
        "magnitude": 24.4,
        "albedo": 0.04
      },
      {
        "id": 123,
        "planetId": 6,
        "name": "Tarqeq",
        "gm": 0.0,
        "radius": 3.0,
        "density": 2.3,
        "magnitude": 23.9,
        "albedo": 0.04
      },
      {
        "id": 124,
        "planetId": 6,
        "name": "S/2004 S7",
        "gm": 0.0,
        "radius": 3.0,
        "density": 2.3,
        "magnitude": 24.5,
        "albedo": 0.04
      },
      {
        "id": 125,
        "planetId": 6,
        "name": "S/2004 S12",
        "gm": 0.0,
        "radius": 2.5,
        "density": 2.3,
        "magnitude": 24.8,
        "albedo": 0.04
      },
      {
        "id": 126,
        "planetId": 6,
        "name": "S/2004 S13",
        "gm": 0.0,
        "radius": 3.0,
        "density": 2.3,
        "magnitude": 24.5,
        "albedo": 0.04
      },
      {
        "id": 127,
        "planetId": 6,
        "name": "S/2004 S17",
        "gm": 0.0,
        "radius": 2.0,
        "density": 2.3,
        "magnitude": 25.2,
        "albedo": 0.04
      },
      {
        "id": 128,
        "planetId": 6,
        "name": "S/2006 S1",
        "gm": 0.0,
        "radius": 3.0,
        "density": 2.3,
        "magnitude": 24.6,
        "albedo": 0.04
      },
      {
        "id": 129,
        "planetId": 6,
        "name": "S/2006 S3",
        "gm": 0.0,
        "radius": 2.5,
        "density": 2.3,
        "magnitude": 24.6,
        "albedo": 0.04
      },
      {
        "id": 130,
        "planetId": 6,
        "name": "S/2007 S2",
        "gm": 0.0,
        "radius": 3.0,
        "density": 2.3,
        "magnitude": 24.4,
        "albedo": 0.04
      },
      {
        "id": 131,
        "planetId": 6,
        "name": "S/2007 S3",
        "gm": 0.0,
        "radius": 2.0,
        "density": 2.3,
        "magnitude": 24.9,
        "albedo": 0.04
      },
      {
        "id": 132,
        "planetId": 7,
        "name": "Ariel",
        "gm": 86.4,
        "radius": 578.9,
        "density": 1.592,
        "magnitude": 13.7,
        "albedo": 0.39
      },
      {
        "id": 133,
        "planetId": 7,
        "name": "Umbriel",
        "gm": 81.5,
        "radius": 584.7,
        "density": 1.459,
        "magnitude": 14.47,
        "albedo": 0.21
      },
      {
        "id": 134,
        "planetId": 7,
        "name": "Titania",
        "gm": 228.2,
        "radius": 788.9,
        "density": 1.662,
        "magnitude": 13.49,
        "albedo": 0.27
      },
      {
        "id": 135,
        "planetId": 7,
        "name": "Oberon",
        "gm": 192.4,
        "radius": 761.4,
        "density": 1.559,
        "magnitude": 13.7,
        "albedo": 0.23
      },
      {
        "id": 136,
        "planetId": 7,
        "name": "Miranda",
        "gm": 4.4,
        "radius": 235.8,
        "density": 1.214,
        "magnitude": 15.79,
        "albedo": 0.32
      },
      {
        "id": 137,
        "planetId": 7,
        "name": "Cordelia",
        "gm": 0.003,
        "radius": 20.1,
        "density": 1.3,
        "magnitude": 23.62,
        "albedo": 0.07
      },
      {
        "id": 138,
        "planetId": 7,
        "name": "Ophelia",
        "gm": 0.0036,
        "radius": 21.4,
        "density": 1.3,
        "magnitude": 23.26,
        "albedo": 0.07
      },
      {
        "id": 139,
        "planetId": 7,
        "name": "Bianca",
        "gm": 0.0062,
        "radius": 27.0,
        "density": 1.3,
        "magnitude": 22.52,
        "albedo": 0.065
      },
      {
        "id": 140,
        "planetId": 7,
        "name": "Cressida",
        "gm": 0.0229,
        "radius": 41.0,
        "density": 1.3,
        "magnitude": 21.58,
        "albedo": 0.069
      },
      {
        "id": 141,
        "planetId": 7,
        "name": "Desdemona",
        "gm": 0.0119,
        "radius": 35.0,
        "density": 1.3,
        "magnitude": 21.99,
        "albedo": 0.084
      },
      {
        "id": 142,
        "planetId": 7,
        "name": "Juliet",
        "gm": 0.0372,
        "radius": 53.0,
        "density": 1.3,
        "magnitude": 21.12,
        "albedo": 0.075
      },
      {
        "id": 143,
        "planetId": 7,
        "name": "Portia",
        "gm": 0.1122,
        "radius": 70.0,
        "density": 1.3,
        "magnitude": 20.42,
        "albedo": 0.069
      },
      {
        "id": 144,
        "planetId": 7,
        "name": "Rosalind",
        "gm": 0.017,
        "radius": 36.0,
        "density": 1.3,
        "magnitude": 21.79,
        "albedo": 0.072
      },
      {
        "id": 145,
        "planetId": 7,
        "name": "Belinda",
        "gm": 0.0238,
        "radius": 45.0,
        "density": 1.3,
        "magnitude": 21.47,
        "albedo": 0.067
      },
      {
        "id": 146,
        "planetId": 7,
        "name": "Puck",
        "gm": 0.1931,
        "radius": 81.0,
        "density": 1.3,
        "magnitude": 19.75,
        "albedo": 0.104
      },
      {
        "id": 147,
        "planetId": 7,
        "name": "Caliban",
        "gm": 0.02,
        "radius": 36.0,
        "density": 1.5,
        "magnitude": 22.4,
        "albedo": 0.04
      },
      {
        "id": 148,
        "planetId": 7,
        "name": "Sycorax",
        "gm": 0.18,
        "radius": 75.0,
        "density": 1.5,
        "magnitude": 20.8,
        "albedo": 0.04
      },
      {
        "id": 149,
        "planetId": 7,
        "name": "Prospero",
        "gm": 0.0066,
        "radius": 25.0,
        "density": 1.5,
        "magnitude": 23.2,
        "albedo": 0.04
      },
      {
        "id": 150,
        "planetId": 7,
        "name": "Setebos",
        "gm": 0.0058,
        "radius": 24.0,
        "density": 1.5,
        "magnitude": 23.3,
        "albedo": 0.04
      },
      {
        "id": 151,
        "planetId": 7,
        "name": "Stephano",
        "gm": 0.0017,
        "radius": 16.0,
        "density": 1.5,
        "magnitude": 24.1,
        "albedo": 0.04
      },
      {
        "id": 152,
        "planetId": 7,
        "name": "Trinculo",
        "gm": 3.1E-4,
        "radius": 9.0,
        "density": 1.5,
        "magnitude": 25.4,
        "albedo": 0.04
      },
      {
        "id": 153,
        "planetId": 7,
        "name": "Francisco",
        "gm": 5.6E-4,
        "radius": 11.0,
        "density": 1.5,
        "magnitude": 25.0,
        "albedo": 0.04
      },
      {
        "id": 154,
        "planetId": 7,
        "name": "Margaret",
        "gm": 4.2E-4,
        "radius": 10.0,
        "density": 1.5,
        "magnitude": 25.2,
        "albedo": 0.04
      },
      {
        "id": 155,
        "planetId": 7,
        "name": "Ferdinand",
        "gm": 4.2E-4,
        "radius": 10.0,
        "density": 1.5,
        "magnitude": 25.1,
        "albedo": 0.04
      },
      {
        "id": 156,
        "planetId": 7,
        "name": "Perdita",
        "gm": 0.0012,
        "radius": 13.0,
        "density": 1.3,
        "magnitude": 23.6,
        "albedo": 0.07
      },
      {
        "id": 157,
        "planetId": 7,
        "name": "Mab",
        "gm": 6.0E-4,
        "radius": 12.0,
        "density": 1.3,
        "magnitude": 24.6,
        "albedo": 0.103
      },
      {
        "id": 158,
        "planetId": 7,
        "name": "Cupid",
        "gm": 2.0E-4,
        "radius": 9.0,
        "density": 1.3,
        "magnitude": 25.8,
        "albedo": 0.07
      },
      {
        "id": 159,
        "planetId": 8,
        "name": "Triton",
        "gm": 1427.6,
        "radius": 1353.4,
        "density": 2.059,
        "magnitude": 13.54,
        "albedo": 0.719
      },
      {
        "id": 160,
        "planetId": 8,
        "name": "Nereid",
        "gm": 2.06,
        "radius": 170.0,
        "density": 1.5,
        "magnitude": 19.2,
        "albedo": 0.155
      },
      {
        "id": 161,
        "planetId": 8,
        "name": "Naiad",
        "gm": 0.013,
        "radius": 33.0,
        "density": 1.3,
        "magnitude": 23.91,
        "albedo": 0.072
      },
      {
        "id": 162,
        "planetId": 8,
        "name": "Thalassa",
        "gm": 0.025,
        "radius": 41.0,
        "density": 1.3,
        "magnitude": 23.32,
        "albedo": 0.091
      },
      {
        "id": 163,
        "planetId": 8,
        "name": "Despina",
        "gm": 0.14,
        "radius": 75.0,
        "density": 1.3,
        "magnitude": 22.0,
        "albedo": 0.09
      },
      {
        "id": 164,
        "planetId": 8,
        "name": "Galatea",
        "gm": 0.25,
        "radius": 88.0,
        "density": 1.3,
        "magnitude": 21.85,
        "albedo": 0.079
      },
      {
        "id": 165,
        "planetId": 8,
        "name": "Larissa",
        "gm": 0.33,
        "radius": 97.0,
        "density": 1.3,
        "magnitude": 21.49,
        "albedo": 0.091
      },
      {
        "id": 166,
        "planetId": 8,
        "name": "Proteus",
        "gm": 3.36,
        "radius": 210.0,
        "density": 1.3,
        "magnitude": 19.75,
        "albedo": 0.096
      },
      {
        "id": 167,
        "planetId": 8,
        "name": "Halimede",
        "gm": 0.012,
        "radius": 31.0,
        "density": 1.5,
        "magnitude": 24.5,
        "albedo": 0.04
      },
      {
        "id": 168,
        "planetId": 8,
        "name": "Psamathe",
        "gm": 0.0033,
        "radius": 20.0,
        "density": 1.5,
        "magnitude": 25.5,
        "albedo": 0.04
      },
      {
        "id": 169,
        "planetId": 8,
        "name": "Sao",
        "gm": 0.0045,
        "radius": 22.0,
        "density": 1.5,
        "magnitude": 25.5,
        "albedo": 0.04
      },
      {
        "id": 170,
        "planetId": 8,
        "name": "Laomedeia",
        "gm": 0.0039,
        "radius": 21.0,
        "density": 1.5,
        "magnitude": 25.5,
        "albedo": 0.04
      },
      {
        "id": 171,
        "planetId": 8,
        "name": "Neso",
        "gm": 0.011,
        "radius": 30.0,
        "density": 1.5,
        "magnitude": 24.6,
        "albedo": 0.04
      },
      {
        "id": 172,
        "planetId": 8,
        "name": "S/2004 N1",
        "gm": 3.0E-4,
        "radius": 9.0,
        "density": 1.3,
        "magnitude": 26.5,
        "albedo": 0.1
      },
      {
        "id": 173,
        "planetId": 9,
        "name": "Charon",
        "gm": 102.3,
        "radius": 603.6,
        "density": 1.664,
        "magnitude": 17.26,
        "albedo": 0.372
      },
      {
        "id": 174,
        "planetId": 9,
        "name": "Nix",
        "gm": 0.0013,
        "radius": 23.0,
        "density": 2.1,
        "magnitude": 23.4,
        "albedo": 0.35
      },
      {
        "id": 175,
        "planetId": 9,
        "name": "Hydra",
        "gm": 0.0065,
        "radius": 30.5,
        "density": 0.8,
        "magnitude": 22.9,
        "albedo": 0.35
      },
      {
        "id": 176,
        "planetId": 9,
        "name": "Kerberos",
        "gm": 0.0011,
        "radius": 14.0,
        "density": 1.4,
        "magnitude": 26.1,
        "albedo": 0.35
      },
      {
        "id": 177,
        "planetId": 9,
        "name": "Styx",
        "gm": 0.0,
        "radius": 10.0,
        "density": null,
        "magnitude": 27.0,
        "albedo": 0.35
      }
    ]
  }